{"training_loss_ADAMS": [152.36133310953775, 103.76788656870524, 92.29030712127685, 84.18519541422526, 79.45660617828369, 76.05468054453532, 73.7563255182902, 71.86227956136068, 70.2269065729777, 68.75758713404338, 67.44692748387655, 66.36591656366984, 65.50725281397501, 64.81061212539673, 64.16917225519816, 63.69802825927734, 63.251340243021644, 62.86418573379517, 62.58053239822388, 62.259911619822184, 61.9159761428833, 61.7233939743042, 61.449571730295816, 61.16713888168335, 61.07675416310628, 60.773301162719726, 60.58111335754395, 60.497044766743976, 60.26223471323649, 60.047789611816405, 59.917253691355384, 59.77213875452677, 59.64300590515137, 59.48009524027506, 59.36403462092082, 59.266770401000976, 59.162923698425296, 58.974338645935056, 58.875735422770184, 58.80603104909261, 58.701644872029625, 58.60680661519368, 58.45731944402059, 58.42228182474772, 58.32050588607788, 58.260073776245115, 58.1307829284668, 58.07093780517578, 57.94955354054769, 57.93120994567871, 57.867097816467286, 57.76756453196208, 57.72651621500651, 57.650951684316, 57.60841577529907, 57.47291876475016, 57.431976884206136, 57.417930075327554, 57.387007789611815, 57.30315191904704, 57.18592124303182, 57.17750724156698, 57.13468610127767, 57.06073908487956, 57.02880231221517, 56.94235014597575, 56.94600133895874, 56.914903507232665, 56.820338039398194, 56.813500544230145, 56.74098936080932, 56.70221493403117, 56.68081772486369, 56.65645362218221, 56.64702746709188, 56.533723487854004, 56.51711478551229, 56.45091440836588, 56.459164168039955, 56.384069798787436, 56.38830706278483, 56.33642542521159, 56.29246773401896, 56.2974817276001, 56.26307884852091, 56.21056206385295, 56.19489177068075, 56.12782733281453, 56.13341130574544, 56.130403232574466, 56.08419349034627, 56.0483927599589, 55.99024134318034, 56.01815985361735, 55.97182433446248, 55.94809490203858, 55.911270453135174, 55.887372455596925, 55.8388359896342, 55.83865159988403], "testing_loss_ADAMS": [124.55509948730469, 106.30440266927083, 96.40933397081163, 90.73081546359592, 85.71658325195312, 83.47873942057292, 81.2095964219835, 79.50959099663629, 78.04875861273871, 76.45586734347873, 75.57897186279297, 74.6531753540039, 73.54423353407118, 73.11104244656033, 72.98735639784071, 72.06099531385634, 71.56334771050348, 71.55939526028104, 71.86137856377496, 71.11366399129231, 71.32760832044814, 70.93202506171332, 70.23191579182942, 70.24241299099393, 70.41916402180989, 69.82768715752496, 69.77248975965712, 69.92827224731445, 69.87702306111653, 69.24297375149197, 69.26850128173828, 69.1258184644911, 69.14715830485027, 68.93429777357314, 69.07987128363715, 68.70790312025282, 68.7955199347602, 68.52068286471896, 68.45799382527669, 68.5374984741211, 68.22266515096028, 68.37072287665472, 68.26585345798068, 68.24006186591254, 68.03998014662001, 68.23942014906142, 68.08261405097113, 67.8738055759006, 67.86661953396268, 67.98701053195529, 67.45964643690321, 67.75143263075087, 67.63079071044922, 67.60545772976346, 67.50315645005968, 67.55174721611871, 67.34902826944987, 67.28642654418945, 67.26428646511502, 67.16732449001736, 67.17464701334636, 67.69239213731554, 67.09683269924588, 67.11658816867404, 67.13517761230469, 67.42047034369574, 67.09606467352972, 66.93432659573025, 66.95131471421983, 66.91821670532227, 66.88925382826064, 67.09768295288086, 66.94161563449435, 67.02697457207574, 67.06771977742513, 66.98964140150282, 67.06434716118707, 66.70762464735243, 66.75488832261827, 66.97315555148654, 66.62545013427734, 66.7296651204427, 66.6156611972385, 66.71776792738173, 66.6224725511339, 66.78796471489801, 66.67672136094835, 66.58083597819011, 66.70878982543945, 66.88898595174153, 66.7145152621799, 66.59557215372722, 66.83418231540256, 66.80134201049805, 66.81223975287543, 66.44568210177951, 66.73801888359918, 66.43965445624457, 66.293884701199, 66.42178175184462]}