{"training_loss_FishLeg": [146.59349395751954, 100.22108759562174, 84.1357347869873, 76.25569351196289, 71.48882083892822, 68.33956544240316, 66.04696716944376, 64.22557787577311, 62.97572352091471, 61.94402192433675, 61.02370686848958, 60.39621369043986, 59.916286875406904, 59.390480829874676, 58.84716458002726, 58.43806521097819, 58.10588267008463, 57.81540317535401, 57.52512423197428, 57.362286472320555, 57.2376860109965, 56.93312614440918, 56.79004826227824, 56.659463768005374, 56.44604042053223, 56.26104417800903, 56.06549861907959, 55.9259431330363, 55.90599510828654, 55.76713362375895, 55.60474030176798, 55.454549649556476, 55.312256825764976, 55.2179364267985, 55.13294781366984, 55.06028251012167, 55.0938759358724, 54.95410634994507, 54.791554056803385, 54.881068077087406, 54.86501252492269, 54.65158728281657, 54.65703540802002, 54.62484079996745, 54.48999131520589, 54.358393109639486, 54.39253941853841, 54.314908275604246, 54.221214071909586, 54.14513514836629, 54.060360501607256, 54.038687502543134, 53.944497934977214, 53.92893545150757, 53.85827868143718, 53.87758504231771, 53.83136876424154, 53.76632827758789, 53.693628533681235, 53.678634796142575, 53.658245951334635, 53.60387002309164, 53.54939542134603, 53.52999450047811, 53.47337422053019, 53.42820676803589, 53.48175862630208, 53.44591246922811, 53.511582889556884, 53.37327199935913, 53.408568108876544, 53.40192413965861, 53.31004816055298, 53.23410079320272, 53.17815581639608, 53.14544680277506, 53.11605473836263, 53.08803237279256, 53.08877385457357, 53.04177527745565, 52.992029457092286, 52.94959749857585, 53.04636199951172, 53.04379483540853, 52.943985055287676, 52.940886421203615, 52.946652234395344, 52.911163794199624, 52.88356373469035, 52.81886340459188, 52.81180711110433, 52.77567254384359, 53.01737361272176, 52.973934758504235, 53.12826831817627, 53.035124111175534, 52.96013277053833, 53.00543050130209, 52.92628108342489, 52.953168144226076], "testing_loss_FishLeg": [126.42927975124783, 99.74766370985243, 88.22567749023438, 81.83382839626736, 77.9204610188802, 74.99093543158637, 73.2030512491862, 71.52524524264865, 70.89594353569879, 69.73194546169705, 69.15203306410048, 68.63747914632161, 68.35747824774847, 67.78556569417317, 67.50406477186415, 67.19681591457791, 67.16264088948567, 66.72629970974393, 66.70951716105144, 66.70090823703342, 66.37174267239041, 66.17986170450847, 66.09284803602431, 66.0387602912055, 65.9946551852756, 65.7368515862359, 65.68944591946072, 65.62306552463107, 65.70450803968642, 65.5541729397244, 65.44788699679904, 65.32198164198134, 65.36477194892035, 65.31575436062283, 65.17667728000217, 65.54209984673395, 65.15545145670573, 65.16158209906683, 65.16765806410048, 65.43723424275716, 65.1965200636122, 65.07264667087131, 65.26421652899847, 65.06531312730577, 65.06204901801215, 65.02638922797308, 65.07378768920898, 65.10202874077692, 65.08933809068468, 65.03402921888564, 64.9774924384223, 65.01662826538086, 64.94400956895616, 64.94531122843425, 65.02937359280057, 65.08886591593425, 65.0108888414171, 65.00994110107422, 64.96482425265842, 65.02828640407986, 65.08032650417752, 65.02100329928928, 65.06181801689996, 65.04830593532986, 65.0593876308865, 65.01270421346028, 65.14036644829645, 65.07415220472548, 65.14657974243164, 65.12766520182292, 65.19126213921442, 65.1815299987793, 65.15260187784831, 65.09225633409288, 65.0783331129286, 65.08831278483073, 65.12698067559137, 65.16084162394206, 65.23585171169705, 65.19418080647786, 65.11420186360677, 65.14867952134874, 65.33654234144423, 65.24808544582791, 65.23549524943034, 65.20589065551758, 65.25644387139215, 65.30855390760634, 65.26091300116644, 65.31378089057074, 65.28601328531902, 65.34156884087457, 65.51243336995442, 65.38106621636285, 65.532406700982, 65.47936248779297, 65.35779698689778, 65.44979349772136, 65.38857650756836, 65.52579074435764]}