{"training_loss_RMSProp": [167.1927339808146, 123.09600293477376, 110.08382066090901, 103.3550873819987, 97.58720793406168, 92.88835636138916, 89.92863361358643, 87.812562306722, 86.01210261027018, 84.07381655375163, 82.27320250193279, 80.77496557871501, 79.32495694478352, 78.19877843221029, 77.16385473887125, 76.25257766723632, 75.4616630299886, 74.72041492462158, 74.14182942708334, 73.50564732869466, 72.94579002380371, 72.48127581278483, 71.91709363301595, 71.54890296300252, 71.15764400482178, 70.77595961252848, 70.41609142303467, 70.07826024373372, 69.80373905181885, 69.5062941678365, 69.26796641667684, 68.97070268630982, 68.73324827829997, 68.53548291524251, 68.33113525390625, 68.08963267008464, 67.90231576919555, 67.7414266840617, 67.53594319025676, 67.37390727361043, 67.22769521713256, 67.04225955963135, 66.94753210067749, 66.76499069213867, 66.66925831476847, 66.50327805201212, 66.38880495071412, 66.2482040087382, 66.13916739145915, 66.03908052444459, 65.92466175715128, 65.80834739685059, 65.728731396993, 65.60370119094848, 65.52985071818034, 65.40596410751343, 65.33709608713785, 65.24419851938883, 65.15484501520793, 65.06629558563232, 64.9989587020874, 64.91843496958414, 64.83644693374634, 64.73484016418458, 64.72097056070963, 64.61905335744223, 64.56606035868327, 64.4983774248759, 64.43706669489542, 64.34945491790772, 64.32970816294352, 64.26042016347249, 64.16439713160197, 64.13274703979492, 64.0918651453654, 64.02503203709921, 63.99242682139079, 63.93575770060222, 63.88448661168416, 63.815464674631755, 63.80238052368164, 63.756697743733724, 63.673569704691566, 63.62100830078125, 63.573821970621744, 63.56542674382528, 63.503102671305335, 63.46098906199138, 63.42296152114868, 63.39174503962199, 63.359388230641684, 63.3253255144755, 63.28337416330973, 63.2417859840393, 63.19037127176921, 63.16142926534017, 63.14592924118042, 63.09443813323975, 63.091582724253335, 63.038321056365966], "testing_loss_RMSProp": [148.7175784640842, 124.36648305257161, 117.68883344862196, 111.0274395412869, 105.5954081217448, 99.70554945203993, 98.24814690483942, 100.94698079427083, 95.35104624430339, 94.79135131835938, 96.18565453423395, 90.3515141805013, 88.48798116048177, 90.61463504367404, 87.33549245198567, 88.58809661865234, 87.01400502522786, 86.09461805555556, 84.7936503092448, 83.92219543457031, 85.1392584906684, 83.74405670166016, 84.03858354356554, 82.81064944797092, 83.53594292534723, 82.31755065917969, 82.25885094536676, 81.92208353678386, 83.73703002929688, 81.71888817681207, 81.51642693413629, 82.45132700602214, 81.61803181966145, 81.11260308159723, 81.08485497368707, 81.27048068576389, 81.52307467990451, 82.63143751356337, 80.89300621880426, 80.76936509874132, 83.12696838378906, 81.4112065633138, 81.48431481255426, 80.22662607828777, 80.29663170708551, 80.02159457736545, 80.13925255669488, 81.24705590142145, 80.51800621880426, 80.83993869357639, 81.03610059950087, 80.71354590521918, 81.81705983479817, 81.09746636284723, 79.8456293741862, 81.64251285129123, 79.82921176486545, 80.982176038954, 80.86042870415582, 80.33561452229817, 80.22699483235677, 82.00656043158637, 81.92743259006076, 81.09346093071832, 80.32245296902127, 81.09189097086589, 81.29355960422092, 80.26051330566406, 81.91378784179688, 80.7962892320421, 80.26357014973958, 80.04440307617188, 81.43473476833768, 81.5932879977756, 81.11318461100261, 80.62620713975694, 80.27953847249348, 80.509519788954, 79.86011505126953, 80.47756703694661, 80.25951639811198, 80.56792704264323, 79.95305040147569, 79.74444664849176, 80.84026167127821, 80.55419837103949, 80.24767981635199, 81.74142371283637, 82.34894053141277, 80.2975336710612, 80.6022711859809, 80.8609127468533, 81.03821309407552, 81.54767439100478, 80.58360460069444, 81.19444274902344, 80.80017768012152, 83.05396694607205, 79.98526848687067, 80.54954359266493]}