{"training_loss_SGDm": [205.63278951009116, 156.42657325744628, 124.43630151112875, 109.51629158020019, 101.92274723052978, 97.04219643910726, 93.25913060506186, 90.56565608978272, 88.01249516805014, 85.40429125467936, 82.67836784362792, 80.40579865773519, 78.67299580891927, 77.30650053660075, 76.22341464996337, 75.24774099985758, 74.44706517537435, 73.43251149495443, 72.51818234761556, 71.64873795827229, 70.84376374562581, 70.06731527328492, 69.37460127512614, 68.72881738026936, 68.21884382883708, 67.64317119598388, 67.14039953231811, 66.60634925206502, 66.12315238316855, 65.75450878779094, 65.39757242838542, 65.05476083755494, 64.75540222167969, 64.50116392771403, 64.26904362360636, 63.99672875086466, 63.751957740783695, 63.49995311737061, 63.24309314092, 63.03884436925252, 62.842363891601565, 62.612339890797934, 62.381906026204426, 62.21442195256551, 62.01112958908081, 61.83940416971843, 61.65765905380249, 61.48451328913371, 61.34863282521566, 61.21212832768758, 61.045059560139975, 60.917941608428954, 60.79744031270345, 60.65097901662191, 60.53587420145671, 60.43164612452189, 60.32642079035441, 60.18790440241496, 60.056218814849856, 59.94951208750407, 59.81456064860026, 59.74155899047852, 59.62783908208211, 59.55049500783284, 59.44800513585408, 59.34994431813558, 59.2714155515035, 59.15963779449463, 59.08101267496745, 58.972499713897705, 58.883819567362465, 58.80842637379964, 58.71736473083496, 58.64102582295736, 58.55194323221843, 58.4982599512736, 58.40765060424805, 58.36025908152262, 58.269876912434896, 58.207400226593016, 58.141215286254884, 58.089569606781005, 58.01384209314982, 57.918943456014, 57.862564442952475, 57.793148848215736, 57.736155656178795, 57.68487031936645, 57.639317226409915, 57.57507489522298, 57.503375345865884, 57.4448294321696, 57.42676115671794, 57.35199206670125, 57.30239440917969, 57.24201745986939, 57.18430081049601, 57.1263783009847, 57.071759897867835, 57.052120215098064], "testing_loss_SGDm": [194.0564253065321, 151.30279880099826, 127.011228773329, 116.21450720893012, 109.55730862087674, 104.64744144015842, 101.66097852918837, 99.33223893907335, 96.21803877088759, 93.28001488579645, 90.7666015625, 88.33064778645833, 87.53345489501953, 85.86504957411024, 85.00139448377821, 84.21651373969183, 83.30663384331598, 82.25985039605035, 81.67982398139105, 80.89360046386719, 80.11643303765192, 79.11463250054254, 78.69175550672743, 78.12683444552951, 77.37781524658203, 76.93656582302518, 76.54116821289062, 75.93369462754991, 75.68320804172092, 75.05307091606988, 74.9746339586046, 75.13108825683594, 74.54398854573567, 74.39106157090929, 74.15689256456163, 73.99250200059679, 73.5712653266059, 73.34585825602214, 73.40354919433594, 73.10852813720703, 72.9969236585829, 72.96583472357855, 72.71129947238498, 72.64408620198567, 72.43481360541449, 72.19217766655817, 72.21740807427301, 72.13206821017795, 71.9562742445204, 71.9308098687066, 71.83361053466797, 71.62876934475369, 71.44687822129991, 71.43227132161458, 71.3744985792372, 71.29341422186957, 71.32887098524306, 71.16204749213324, 71.15880754258897, 71.08895365397136, 71.00585174560547, 70.88990105523004, 70.83006074693468, 70.79229354858398, 70.77239184909396, 70.70581817626953, 70.72064590454102, 70.5484979417589, 70.46369213528104, 70.48738818698459, 70.45577197604709, 70.37098609076605, 70.49592420789931, 70.31547037760417, 70.24067645602756, 70.10754479302301, 70.31160057915582, 70.13285488552518, 70.08849546644423, 70.09645546807184, 70.01780573527019, 70.1142340766059, 70.07638125949435, 69.8646846347385, 69.8961664835612, 69.93221664428711, 69.83040110270183, 69.84749306572809, 69.86761093139648, 69.7086787753635, 69.64768346150716, 69.75363328721788, 69.74797948201497, 69.69985622829861, 69.64059278700087, 69.7396952311198, 69.66018761528863, 69.60830730862088, 69.52074135674371, 69.61216396755643]}